"NEW","OLD"
"Martinel Lassays","Martinel Lassays"
"Katia et Maurice Krafft","Katia et Maurice Krafft"
"Avenue du Général De Gaulle","Avenue du Général de Gaulle"
"Rue Raphaël Babet","Rue Raphaël Babet"
"Route de Grande Ferme","Route de la Grande Ferme"
"n° 25 Chemin Rural lieu-dit du Coin Tranquille","n° 25 Chemin Rural lieu-dit du Coin Tranquille"
"Route de Notre-Dame de la Paix","Route de Notre-Dame de la Paix"
"Marius et Ary Leblond","Rue Marius et Ary Leblond"
"Vallon Hoareau","Rue Vallon Hoareau"
"Père Rognard","Rue du Père Rognard"
"Hubert Delisle","Rue Hubert Delisle"
"Route Nationale 2 Leconte de Lisle","RN2 Leconte de Lisle"
"Route de la Marine Vincendo","Route de la Marine Vincendo"
"CD 29 Mont-Vert les Bas","CD 29 Mont-Vert les Bas"
"Chemin du Mazeau","Chemin du Mazeau"
"Chemin Benoîton Roussel","Chemin Benoîton Roussel"
"Avenue du Président Mitterrand","Avenue du Président Mitterrand"
"Rue Jules Bertaud","Rue Jules Bertaud"
"Rue Josemon Lauret","Rue Josemon Lauret"
"Allée des Grands Kiosques","Allée des Grands Kiosques"
"Alfred Lacroix","Rue Alfred Lacroix"
"Katia et Maurice krafft","Rue Katia et Maurice krafft"
"Impasse Marmailles","Impasse Marmailles"
"Rue Bory de Saint-Vincent","Rue Bory de Saint-Vincent"
"Rue Pierre Rival","Rue du Pierre Rival"
"D'Allemagne","Rue d'Allemagne"
"Avenue du Général de Gaulle","Avenue du Général de Gaulle"
"Rue Ignez Pleyel","Rue Ignez Pleyel"
"Impasse des Canelles","Impasse des Canelles"
"Impasse Grévillea","Impasse Grévillea"
"Route Nationale 2 le Baril","RN2 le Baril"
"Chemin Pérote","Chemin Pérote"
"Chemin Port du Baril","Chemin Port du Baril"
"Chemin Ceinture","Chemin Ceinture"
"RN 2 le Tremblet","RN2 le Tremblet"
"Rue du Souffleur Darbonne","Rue du Souffleur Darbonne"
"Ruelle du Vingt Décembre","Ruelle du Vingt Décembre"
"Rue Enchaing","Rue Enchaing"
"Rue Rolland Garros","Rue Rolland Garros"
"Chemin Vacoa","Chemin Vacoa"
"Route Nationale 2 la Trinitée","RN2 la Trinitée"
"Rue de l'Esperence","Rue de l'Esperence"
"Rue Amelin Isnelba","Rue Amelin Isnelba"
"Chemin Mont-Serin","Chemin Mont-Serin"
"Impasse des Girofles","Impasse des Girofles"
"Impasse Citron Galets","Impasse Citron Galets"
"Boulevard de l'Ocean","Boulevard de l'Ocean"
"Chemin Raphaël Babet","Chemin Raphaël Babet"
"Chemin des Dalihas","Chemin des Dalihas"
"Rue Casimir Perrier","Rue Casimir Perrier"
"Rue Mary et Ary Leblond","Rue Mary et Ary Leblond"
"Rue Saint-Vincent de Paul","Rue Saint-Vincent de Paul"
"Route Départementale dite Stéphane","Route Départementale dite Stéphane"
"Chemin Rosemont","Chemin Rosemont"
"Route Hubert de Lisle","Rue Hubert de Lisle"
"Rue Piton Goyaves","Rue Piton Goyaves"
"Rue Edgard Avril","Rue Edgard Avril"
"Chemin Communal du Petit Tampon","Chemin Communal du Petit Tampon"
"Impasse Pierre Bosquet","Impasse Pierre Bosquet"
"Rue Les Chocas","Rue les Chocas"
"Impasse des Ponsétias","Impasse des Ponsétias"
"Impasse des Canaries","Impasse des Canaries"
"Impasse des Fushias","Impasse des Fushias"
"Des Maraichers","Des Maraichers"
"Notre Dame de la Paix la Chapelle","Notre Dame de la Paix la Chapelle"
"Rue de la Station Transit","Rue de la Station Transit"
"Impasse Charolaise","Impasse Charolaise"
"Terrain Fleury","Terrain Fleury"
"Grande Savanne","Grande Savanne"
"Philidor Techer","Philidor Techer"
"Impasse du Piton Dugain","Impasse du Piton Dugain"
"Impasse Reneville","Impasse Reneville"
"Rue Bois de Joly Potier","Rue Bois de Joly Potier"
"Chemin des Herbes Blanches","Chemin des Herbes Blanches"
"Rue des Balastes","Rue des Balastes"
"Allée de l'Horloge","Allée de l'Horloge"
"Chemin d'Arc-en-ciel","Chemin d'Arc-en-ciel"
"Impasse des Bois de Cassants","Impasse des Bois de Cassants"
"Chemin Communal Chemin Souprayen","Chemin Communal Chemin Souprayen"
"Impasse Ebeko","Impasse Ebeko"
"Impasse Fuego","Impasse Fuego"
"Impasse des Boutons d'Or","Impasse des Boutons d'Or"
"Allée des Campeurs","Allée des Campeurs"
"Rue des Auvergnes","Rue des Auvergnes"
"Chemin Ah-Khit","Chemin Ah-Khit"
"Chemin d'Eurveilher les Hauts","Chemin d'Eurveilher les Hauts"
"Rue des alpes","Rue des alpes"
"Allée de Vivoi","Allée de Vivoi"
"Impasse","Impasse"
"Impasse del Fhee","Impasse del Fhee"
"Impasse de Mas Nas","Impasse de Mas Nas"
"Allées des Grands Kiosques","Allées des Grands Kiosques"
"Rue du Commerce Equitable","Rue du Commerce Equitable"
"Impasse Hawaï","Impasse Hawaï"
"Chemin du Naragongo","Chemin du Naragongo"
"Impasse Jean Morel","Impasse Jean Morel"
"Chemin du Père Favron","Chemin du Père Favron"
"Impasse des Mascarins","Impasse des Mascarins"
"Rue Fabien Hoarau","Rue Fabien Hoarau"
"Rue Roland Fabien Hoarau","Rue Roland Fabien Hoarau"
"Rue Rolland Fabien Hoarau","Rue Rolland Fabien Hoarau"
"Rue Des Pommiers","Rue Des Pommiers"
"Rue Jean Defos du Rau","Rue Jean Defos du Rau"
"Allée Saint-Fiacre","Allée Saint-Fiacre"
"Voie Cité les Saphirs","Voie Cité les Saphirs"
"Chemin Grand Tampon","Chemin Grand Tampon"
"Impasse Terre Neuve","Impasse Terre Neuve"
"Rue Laurent Gonthier","Rue Laurent Gonthier"
"Impasse Dodo","Impasse Dodo"
"Rue Marie Poitevin","Rue Marie Poitevin"
"Rue Saint-Etienne","Rue Saint-Etienne"
"Ligne d'Equerre","Ligne d'Equerre"
"Chemin des Oiseaux Blanc","Chemin des Oiseaux Blanc"
"Chemin 50","Chemin 50"
"Chemin Abraham","Chemin Abraham"
"Impasse M. Losy","Impasse M. Losy"
"Chemin Anthony Payet","Chemin Anthony Payet"
"chemin Grand Tampon","chemin Grand Tampon"
"Route du Paille en Queue","Route du Paille en Queue"
"Chemin du Piton Terre Rouge","Chemin du Piton Terre Rouge"
"Rue Calitermon","Rue Calitermon"
"Rue du Père Rivals","Rue du Père Rivals"
"Impasse Gilles Bègues","Impasse Gilles Bègues"
"Impasse du Pont de Vue","Impasse du Pont de Vue"
"Impasse de Gasgogne","Impasse de Gasgogne"
"Rue Du Dauphine","Rue Du Dauphine"
"Chemin Ti Marc","Chemin Ti Marc"
"Rue Theresien Morel","Rue Theresien Morel"
"Chemin Inel Payet","Chemin Inel Payet"
"Chemin Communal Louis Fontaine","Chemin Communal Louis Fontaine"
"Bretelle des Planteurs","Bretelle des Planteurs"
"Route des Muggets","Route des Muggets"
"Chemin des Lanternes","Chemin des Lanternes"
"Che De L'Ariege","Chemin de L'Ariege"
"Chemin d'Eurveilher les Bas","Chemin d'Eurveilher les Bas"
"Route du Piton Hyacinthe","Route du Piton Hyacinthe"
"Imp Des Sans Soucis","Impasse des Sans Soucis"
"Chemin des Roches Bleues","Chemin des Roches Bleues"
"Impase des Cocotiers","Impase des Cocotiers"
"Rue des Courges","Rue des Courges"
"Impasse du Bois Maho","Impasse du Bois Maho"
"rue Bois Pomme","Rue du Bois Pomme"
"Rue des Bois de Reinettes","Rue des Bois de Reinettes"
"CHE DE LA BERGERIE","Chemin de la Bergerie"
"Impasse du Pont Naturel","Impasse du Pont Naturel"
"Chemin des Lauriers Roses","Chemin des Lauriers Roses"
"Chemin Communal des Acacias","Chemin Communal des Acacias"
"Chemin Ferrier","Chemin Ferrier"
"Chemin de Lessencier","Chemin de Lessencier"
"2 rue de la balance","2 Rue de la Balance"
"Chemin Départemental RD 29","Chemin Départemental RD 29"
"Impasse Pic du Midi","Impasse Pic du Midi"
"15 Rue de la Marine","15 Rue de la Marine"
"Chemin la Croix du Jubilé","Chemin la Croix du Jubilé"
"Route de Grand Anse","Route de Grand Anse"
"Impasse de l'Arbre à Pin","Impasse de l'Arbre à Pin"
"Rue Georges Avril","Rue Georges Avril"
"Impasse George Simenon","Impasse George Simenon"
"Rue Fidelio Robert","Rue Fidelio Robert"
"Rue General Bonnier","Rue General Bonnier"
"Chemin Rural Pellier","Chemin Rural Pellier"
"Chemin Onesse","Chemin Onesse Pont d'Yves"
"Rue de Monterland","Rue de Monterland"
"Chemin André Malraux","Chemin André Malraux"
"Chemin Filomart","Chemin Filomart"
"Impasse Henri de Ronsard","Impasse Henri de Ronsard"
"Chemin Ligne des Bambous","Chemin Ligne des Bambous"
"Rue Katia et Maurice Krafft","Rue Katia et Maurice Krafft"
"Boucle des Balastes","Boucle des Balastes"
"Boucle des Basaltes","Boucle des Basaltes"
"Chemin Concession Condé","Chemin Concession Condé"
"Rue Josemont Laurent","Rue Josemont Laurent"
"Impasse Rival","Impasse Rival"
"Impasse Fornica Leo","Impasse Fornica Leo"
"Chemin Ferme Isautier","Chemin Ferme Isautier"
"RUELLE des CORMORANS","RUELLE des CORMORANS"
"Chemin Paul Hoareau-Le Baril les Hauts","Chemin Paul Hoareau-Le Baril les Hauts"
"Chemin Terrain d'Aviation","Chemin Terrain d'Aviation"
"Rue du Verger Hémery","Rue du Verger Hémery"
"Rue Fréjaville","Rue Fréjaville"
